-- phpMyAdmin SQL Dump
-- version 3.3.9
-- http://www.phpmyadmin.net
--
-- 主机: localhost
-- 生成日期: 2011 年 09 月 05 日 13:31
-- 服务器版本: 5.5.8
-- PHP 版本: 5.3.5

SET SQL_MODE="NO_AUTO_VALUE_ON_ZERO";


/*!40101 SET @OLD_CHARACTER_SET_CLIENT=@@CHARACTER_SET_CLIENT */;
/*!40101 SET @OLD_CHARACTER_SET_RESULTS=@@CHARACTER_SET_RESULTS */;
/*!40101 SET @OLD_COLLATION_CONNECTION=@@COLLATION_CONNECTION */;
/*!40101 SET NAMES utf8 */;

--
-- 数据库: `duitasuo`
--

-- --------------------------------------------------------

--
-- 表的结构 `duitasuoonline`
--

CREATE TABLE IF NOT EXISTS `duitasuoonline` (
  `id` int(11) NOT NULL AUTO_INCREMENT,
  `ip` varchar(20) CHARACTER SET latin1 NOT NULL,
  `time` int(100) NOT NULL,
  PRIMARY KEY (`id`)
) ENGINE=MyISAM  DEFAULT CHARSET=utf8 COLLATE=utf8_unicode_ci AUTO_INCREMENT=41 ;

--
-- 转存表中的数据 `duitasuoonline`
--

INSERT INTO `duitasuoonline` (`id`, `ip`, `time`) VALUES
(1, '199.246.40.54', 1300911689),
(2, '204.197.178.164', 1299378507),
(3, '216.165.206.167', 1299484998),
(4, '', 1310036579),
(5, '216.165.203.9', 1300886824),
(6, '69.166.117.66', 1300928795),
(7, '99.235.118.146', 1301021733),
(8, '142.157.156.104', 1301683641),
(9, '174.91.222.57', 1302989240),
(10, '142.157.9.19', 1302634640),
(11, '142.157.8.11', 1302660247),
(12, '132.216.66.23', 1302742426),
(13, '174.93.212.167', 1303542258),
(14, '132.216.48.177', 1303167955),
(15, '69.166.114.174', 1303351670),
(16, '221.212.113.23', 1303462690),
(17, '86.30.149.47', 1303478114),
(18, '218.9.120.217', 1303481700),
(19, '218.9.122.43', 1303480814),
(20, '202.99.230.150', 1303481518),
(21, '132.216.48.142', 1303519829),
(22, '132.216.48.152', 1303519428),
(23, '122.159.29.246', 1303553860),
(24, '127.0.0.1', 1313368219),
(25, '97.87.111.131', 1307605233),
(26, '184.144.165.192', 1307629790),
(27, '59.53.216.136', 1308378239),
(28, '219.136.168.74', 1307673355),
(29, '69.77.175.135', 1308302693),
(30, '142.157.6.39', 1308339479),
(31, '24.201.121.163', 1308386041),
(32, '132.216.48.173', 1308347825),
(33, '67.160.118.254', 1308366578),
(34, '132.206.15.27', 1308585569),
(35, '132.206.59.223', 1308787698),
(36, '132.206.59.221', 1308787705),
(37, '132.206.124.44', 1308851693),
(38, '142.157.36.18', 1308874798),
(39, '132.206.15.41', 1309975921),
(40, '132.206.15.45', 1310072146);

-- --------------------------------------------------------

--
-- 表的结构 `duitasuopmsg`
--

CREATE TABLE IF NOT EXISTS `duitasuopmsg` (
  `id` int(11) NOT NULL AUTO_INCREMENT,
  `msgid` int(100) NOT NULL,
  `cmtid` int(100) NOT NULL,
  `touserid` int(10) NOT NULL,
  `touserip` varchar(20) COLLATE utf8_unicode_ci NOT NULL,
  `userid` int(10) NOT NULL,
  `userip` varchar(20) COLLATE utf8_unicode_ci NOT NULL,
  `title` mediumtext COLLATE utf8_unicode_ci NOT NULL,
  `content` longtext COLLATE utf8_unicode_ci NOT NULL,
  `timesubmit` int(100) NOT NULL,
  `readit` int(11) NOT NULL DEFAULT '0',
  `block` int(11) NOT NULL DEFAULT '0',
  PRIMARY KEY (`id`)
) ENGINE=MyISAM  DEFAULT CHARSET=utf8 COLLATE=utf8_unicode_ci AUTO_INCREMENT=27 ;

--
-- 转存表中的数据 `duitasuopmsg`
--

INSERT INTO `duitasuopmsg` (`id`, `msgid`, `cmtid`, `touserid`, `touserip`, `userid`, `userip`, `title`, `content`, `timesubmit`, `readit`, `block`) VALUES
(25, 3267, 229, 0, '132.216.48.152', 1, '132.216.48.142', 'hah', 'haahahh', 1303519374, 1, 1),
(2, 118, 188, 1, '174.91.222.57', 173, '174.93.212.167', 'hah ', 'hahahaha', 1302994180, 1, 1),
(3, 121, 198, 0, '174.93.212.167', 1, '174.93.212.167', 'haha', 'aaa', 1302994343, 1, 1),
(4, 118, 188, 1, '174.91.222.57', 173, '174.93.212.167', '&#x6211;', '&#x6211;&#x662F;&#x4EBA;&#x4E48;&#xFF1F;', 1302995011, 1, 0),
(5, 118, 194, 0, '174.91.222.57', 173, '174.93.212.167', '&#x6211;&#x662F;&#x4EBA;', '&#x54C8;&#x54C8; &#xFF01;&#xFF01;', 1302995033, 0, 0),
(6, 121, 198, 0, '174.93.212.167', 1, '174.93.212.167', 'hah ', '&#x6211;&#x554A; &#xFF01;&#xFF01;', 1302995083, 1, 1),
(7, 121, 198, 0, '174.93.212.167', 1, '174.93.212.167', 'aaaaa', 'aaaaaa', 1302995096, 1, 1),
(8, 114, 193, 0, '174.91.222.57', 1, '174.93.212.167', 'bbb', 'bbb', 1302995127, 0, 0),
(9, 121, 198, 0, '174.93.212.167', 1, '174.93.212.167', '&#x54C8;&#x54C8;&#x54C8;', '&#x54C8;&#x54C8; ', 1302995291, 1, 1),
(10, 122, 201, 1, '174.93.212.167', 0, '174.93.212.167', 'a', 'a', 1303014245, 1, 1),
(11, 122, 201, 1, '174.93.212.167', 0, '174.93.212.167', 'a', 'a', 1303014247, 1, 0),
(12, 122, 201, 1, '174.93.212.167', 0, '174.93.212.167', 'a', 'a', 1303014249, 1, 0),
(13, 122, 201, 1, '174.93.212.167', 0, '174.93.212.167', '&#x54C8;&#x54C8;', '&#x54C8;&#x54C8;&#x54C8;', 1303014340, 1, 1),
(14, 122, 201, 1, '174.93.212.167', 0, '174.93.212.167', '&#x4F60;&#x597D;&#x4E48;?', '&#x6211;&#x963F;&#x8428;&#x5730;&#x65B9;&#x624B;&#x6CD5;&#x4E0A;&#x7684;&#x8D39;&#x4E0A;&#x7684;&#x8D39;&#x4E0A;&#x7684;&#x8D39;&#x4E0A;&#x7684;&#x8D39;&#x58EB;&#x5927;&#x592B;&#x58EB;&#x5927;&#x592B;&#x4E0A;&#x7684;&#x8D39;&#x4E0A;&#x7684;&#x6CD5;&#x6492;&#x65E6;&#x8D39;&#x4E0A;&#x7684;&#x8D39;&#x58EB;&#x5927;&#x592B;&#x4E0A;&#x7684;&#x8D39;&#x4E0A;&#x7684;&#x53D1;&#x751F;&#x5730;&#x65B9;&#x4E0A;&#x7684;&#x8D39;&#x5B89;&#x5E08;&#x5927;&#x8D39;&#x58EB;&#x5927;&#x592B;&#x4E0A;&#x7684;&#x8D39;&#x4E0A;&#x7684;&#x8D39;&#x58EB;&#x5927;&#x592B;&#x4E0A;&#x7684;&#x8D39;&#x58EB;&#x5927;&#x592B;&#x4E0A;&#x7684;&#x8D39;&#x58EB;&#x5927;&#x592B;&#x5341;&#x5927;&#x8D39;&#x7231;&#x65BD;&#x5FB7;&#x98DE;&#x6D12;&#x5730;&#x65B9;&#x5341;&#x5927;&#x8D39;&#x3002;', 1303020291, 1, 1),
(15, 118, 188, 1, '174.91.222.57', 173, '174.93.212.167', '&#x5E74;&#x7684; &#x58EB;&#x5927;&#x592B;&#x58EB;&#x5927;&#x592B;&#x58EB;&#x5927;&#x592B;&#x58EB;&#x5927;&#x592B;&#x58EB;&#x5927;&#x592B;&#x5341;&#x5927;&#x5BCC;&#x58EB;&#x8FBE;&#x98DE;&#x6D12;&#x5730;&#x65B9;&#x8428;&#x82AC;&#x6492;&#x5730;&#x65B9;&#x6492;&#x7684;&#x6CD5;&#x6492;&#x65E6;&#x98DE;&#x6D12;&#x6CD5;&#x6492;&#x65E6;&#x65B9;&#x58EB;&#x5927;&#x592B;&#x6492;&#x5927;&#x5E08;', '&#x6309;&#x65F6;&#x5730;&#x65B9;&#x5341;&#x5927;&#x8D39;&#x5341;&#x5927;&#x8D39;&#x8428;&#x82AC;&#x58EB;&#x5927;&#x592B;&#x58EB;&#x5927;&#x592B;&#x8428;&#x82AC;&#x963F;&#x8428;&#x98DE;&#x6D12;&#x6492;&#x5B89;&#x5E08;&#x5927;&#x53D1;&#x751F;&#x5927;&#x5E45;&#x8428;&#x82AC;&#x662F;&#x6CD5;&#x6492;&#x65E6;&#x6CD5;&#x6492;&#x65E6;&#x6CD5;&#x6492;&#x65E6;', 1303020357, 1, 1),
(16, 122, 201, 1, '174.93.212.167', 0, '174.93.212.167', '&#x554A;&#x8428;&#x82AC;&#x662F;&#x5730;&#x65B9;&#x58EB;&#x5927;&#x592B;&#x8428;&#x82AC;&#x58EB;&#x5927;&#x592B;&#x6492;&#x7684;&#x98DE;&#x6D12;&#x5730;&#x65B9;&#x4E0A;&#x7684;&#x6CD5;&#x6492;&#x65E6;&#x98DE;&#x6D12;&#x5730;&#x65B9;&#x6492;&#x5730;&#x65B9;&#x6492;&#x5730;&#x65B9;&#x8428;&#x83F2;&#x6492;&#x7684;&#x98DE;&#x6D12;&#x5730;&#x65B9; ', ' &#x6492;&#x7684;&#x98DE;&#x6D12;&#x7684;&#x53D1;&#x751F;&#x5927;&#x5E45;&#x58EB;&#x5927;&#x592B;&#x8428;&#x82AC;&#x5341;&#x5927;&#x8D39;&#x58EB;&#x5927;&#x592B;&#x58EB;&#x5927;&#x592B;&#x58EB;&#x5927;&#x592B;&#x6492;&#x7684;&#x6CD5;&#x5E08;&#x6CD5;&#x5E08;&#x7684;&#x53D1;&#x751F;&#x5730;&#x53D1;&#x751F;&#x5927;&#x6CD5;&#x5E08;&#x6CD5;&#x5E08;&#x6CD5;&#x5E08;&#x7684;&#x53D1;&#x751F;&#x5730;&#x6CD5;&#x6492;&#x65E6;&#x98DE;&#x6D12;  &#x58EB;&#x5927;&#x592B;&#x6492;&#x7684;&#x53D1;&#x751F;&#x5927;&#x6CD5;&#x5E08;&#x53D1;&#x751F; &#x662F;&#x7684;&#x662F;&#x5927;&#x6CD5;&#x5E08;', 1303020489, 1, 1),
(17, 122, 203, 1, '174.93.212.167', 0, '174.93.212.167', '&#x963F;&#x65AF;&#x8FBE;&#x98DE;&#x6D12;&#x98DE;&#x6D12;', '&#x963F;&#x8428;&#x98DE;&#x6D12;&#x6492;&#x5730;&#x65B9;&#x6492;&#x7684;&#x963F;&#x65AF;&#x8FBE;&#x5BCC;&#x58EB;&#x8FBE;&#x6492;&#x5730;&#x65B9;&#x6492;&#x7684;&#x6CD5;&#x6492;&#x65E6;&#x6492;&#x5730;&#x65B9;&#x6492;&#x7684;&#x6492;&#x7684;&#x6492;&#x5730;&#x65B9;&#x6492;&#x7684;&#x6492;&#x5730;&#x65B9;&#x58EB;&#x5927;&#x592B;&#x6492;&#x65E6;&#x6492;&#x7684;&#x6492;&#x6492;&#x7684;&#x6CD5;&#x6492;&#x65E6;&#x662F;&#x6492;&#x7684;&#x53D1;&#x751F;&#x5927;&#x5E45;&#x58EB;&#x5927;&#x592B;&#x6492;&#x5730;&#x65B9;&#x6492;&#x5730;&#x65B9;&#x58EB;&#x5927;&#x592B;&#x58EB;&#x5927;&#x592B;&#x58EB;&#x5927;&#x592B;&#x5341;&#x5927;&#x53D1;&#x751F;&#x5927;&#x5E45;  ', 1303055344, 1, 1),
(18, 125, 214, 1, '174.93.212.167', 0, '174.93.212.167', 'dddddddddddddddddddddddddddddd', 'dddddddddddddddddddddddddddddddddddddddddddddddddddddddddddddddddddddddddddddddddddddddddddddddddddddddddddddddddddddddddddddddddddddddddddddddddddddddddddddddddddddddddddddddddddddddddddddddddddddddddddddddddddddddddddddddddddddddddddddddddddddddddddddddddddddddddddddddddddddddddddddddddddddddddddddddddddddddddd', 1303113079, 1, 0),
(19, 125, 214, 1, '174.93.212.167', 0, '174.93.212.167', 'dddddddddddddddddddddddddddddddddddddddddddddddddddddddddddddddddddddddddddddddddddddddddddddddddddddddddd', 'ddddddddddddddddddddddddddddddddddddddddddddddddddddddddddddddddddddddddddddddddddddddddddddddddddddddddddddddddddddddddddddd', 1303113288, 0, 0),
(20, 125, 213, 1, '174.93.212.167', 0, '174.93.212.167', '&#x662F;&#x5730;&#x65B9;&#x6240;&#x5F97;&#x7A0E;', '&#x6697;&#x5BA4;&#x9022;&#x706F;&#x6492;&#x5730;&#x65B9;&#x6492;&#x7684;&#x6CD5;&#x6492;&#x65E6;&#x6492;&#x7684;&#x98DE;&#x6D12;&#x5730;&#x65B9;&#x4E0A;&#x7684;&#x98DE;&#x6D12;&#x7684;&#x53D1;&#x751F;&#x5927;&#x5E45;&#x58EB;&#x5927;&#x592B;&#x58EB;&#x5927;&#x592B;&#x58EB;&#x5927;&#x592B;&#x58EB;&#x5927;&#x592B;&#x58EB;&#x5927;&#x592B;&#x5341;&#x5927;&#x6CD5;&#x6492;&#x65E6;&#x6CD5;&#x6492;&#x65E6;&#x6CD5;&#x6492;&#x65E6;&#x65B9;&#x5F0F;&#x7684;&#x5BCC;&#x58EB;&#x8FBE;&#x6CD5;&#x6492;&#x65E6;&#x6CD5;&#x6492;&#x65E6;&#x6CD5;&#x6492;&#x65E6;&#x5BCC;&#x58EB;&#x8FBE;&#x5BCC;&#x58EB;&#x8FBE;&#x5BCC;&#x58EB;&#x8FBE;&#x6CD5;&#x6492;&#x65E6;&#x6CD5;&#x6492;&#x65E6; ', 1303134341, 1, 0),
(21, 125, 214, 1, '174.93.212.167', 0, '174.93.212.167', '', '', 1303176979, 1, 1),
(22, 125, 214, 1, '174.93.212.167', 0, '174.93.212.167', '', '', 1303177503, 1, 1),
(23, 157, 221, 1, '174.93.212.167', 0, '174.93.212.167', '&#x90A3;&#x4E2A;&#x5728;&#x5927;&#x95E8;&#x53E3;&#x7684;&#x6F02;&#x4EAE;&#x5973;&#x751F;', '&#x4F60;&#x597D;&#x554A;&#xFF0C;&#x80FD;&#x4E0D;&#x80FD;&#x5E2E;&#x6211;&#x4ECB;&#x7ECD;&#x90A3;&#x4E2A;&#x5728;&#x5927;&#x95E8;&#x53E3;&#x6211;&#x770B;&#x5230;&#x7684;&#x6F02;&#x4EAE;&#x5973;&#x751F;&#xFF1F;&#x8C22;&#x8C22;&#xFF01;', 1303245166, 0, 0),
(24, 3262, 225, 2, '86.30.149.47', 1, '174.93.212.167', '&#x597D;&#x554A;', '&#x4EC0;&#x4E48;&#x4E8B;&#x6D6E;&#x4E91;&#xFF1F;', 1303474375, 1, 0),
(26, 3267, 229, 0, '132.216.48.152', 0, '', 'hah', 'haahahh', 1303519484, 0, 0);

-- --------------------------------------------------------

--
-- 表的结构 `duitasuopmsgreply`
--

CREATE TABLE IF NOT EXISTS `duitasuopmsgreply` (
  `id` int(11) NOT NULL AUTO_INCREMENT,
  `touserid` int(10) NOT NULL,
  `touserip` varchar(20) CHARACTER SET utf8 COLLATE utf8_unicode_ci NOT NULL,
  `userid` int(10) NOT NULL,
  `userip` varchar(20) CHARACTER SET utf8 COLLATE utf8_unicode_ci NOT NULL,
  `content` longtext CHARACTER SET utf8 COLLATE utf8_unicode_ci NOT NULL,
  `timesubmit` int(100) NOT NULL,
  `readit` int(11) NOT NULL DEFAULT '0',
  `pmsgid` int(11) NOT NULL,
  PRIMARY KEY (`id`)
) ENGINE=MyISAM  DEFAULT CHARSET=utf8 AUTO_INCREMENT=39 ;

--
-- 转存表中的数据 `duitasuopmsgreply`
--

INSERT INTO `duitasuopmsgreply` (`id`, `touserid`, `touserip`, `userid`, `userip`, `content`, `timesubmit`, `readit`, `pmsgid`) VALUES
(1, 1, '174.93.212.167', 0, '174.93.212.167', '&#x6211; &#x4E0D; &#x77E5;&#x9053;&#x554A;', 1303071995, 1, 17),
(2, 1, '174.93.212.167', 0, '174.93.212.167', '&#x6B63;&#x7684;&#x7684;&#x4E48;&#xFF1F;', 1303072005, 1, 17),
(3, 1, '174.93.212.167', 0, '174.93.212.167', '&#x80DC;&#x591A;&#x8D1F;&#x5C11;', 1303072060, 1, 17),
(4, 1, '174.93.212.167', 0, '174.93.212.167', '&#x54C8;&#x54C8;', 1303072115, 1, 17),
(5, 0, '174.93.212.167', 1, '174.93.212.167', '&#x54DF;&#x8981; &#x8428;&#x82AC;&#x6492;&#x7684;&#x53D1;&#x751F;&#x5927;&#x5E45;&#x8428;&#x82AC;&#x963F;&#x8428;&#x5FB7;&#x53D1;&#x751F;&#x5927;&#x6CD5;&#x5E08;&#x7231;&#x7684;&#x53D1;&#x751F;&#x7684;&#x5BCC;&#x58EB;&#x8FBE;&#x6CD5;&#x6492;&#x65E6;&#x53D1;&#x751F;&#x5927;&#x5E45;&#x6492;&#x7684;&#x6CD5;&#x6492;&#x65E6;&#x6CD5;&#x6492;&#x65E6;&#x65B9;&#x5F0F;&#x7684;&#x5BCC;&#x58EB;&#x8FBE;&#x6CD5;&#x6492;&#x65E6;&#x8D39;', 1303072140, 1, 17),
(6, 0, '174.93.212.167', 1, '174.93.212.167', '&#x662F;&#x4E48;&#xFF1F;', 1303072259, 1, 17),
(7, 0, '174.93.212.167', 1, '174.93.212.167', '&#x4E5F;&#x662F;yes', 1303072265, 1, 17),
(8, 0, '174.93.212.167', 1, '174.93.212.167', 'yes', 1303072268, 1, 17),
(9, 1, '174.93.212.167', 0, '174.93.212.167', '&#x662F;&#x7684; ', 1303075630, 1, 17),
(10, 1, '174.93.212.167', 0, '174.93.212.167', '&#x54C8;&#x54C8;', 1303075657, 1, 17),
(11, 1, '174.93.212.167', 0, '174.93.212.167', '&#x771F;&#x7684;&#x4E48;', 1303075681, 1, 16),
(12, 0, '174.93.212.167', 1, '174.93.212.167', '&#x8C22;&#x8C22; &#x4F60;&#x554A;', 1303075734, 1, 17),
(13, 0, '174.93.212.167', 1, '174.93.212.167', '&#x662F;&#x7684;', 1303075749, 1, 16),
(14, 1, '174.93.212.167', 0, '174.93.212.167', '&#x54C8;&#x54C8;', 1303075825, 1, 17),
(15, 1, '174.93.212.167', 0, '174.93.212.167', '&#x58EB;&#x5927;&#x592B;&#x963F;&#x8428;&#x6CD5;&#x8428;&#x82AC;&#x5341;&#x5927;&#x6CD5;&#x6492;&#x65E6;&#x53D1;&#x751F;&#x5927;&#x5E45;&#x8428;&#x82AC;&#x6492;&#x7684;&#x53D1;&#x751F;&#x5927;&#x5E45;&#x5341;&#x5927;&#x5BCC;&#x58EB;&#x8FBE;&#x53D1;&#x751F;&#x5927;&#x5E45;&#x5341;&#x5927;&#x6CD5;&#x6492;&#x65E6;&#x6CD5;&#x6492;&#x65E6;&#x5BCC;&#x58EB;&#x8FBE;&#x6CD5;&#x6492;&#x65E6;&#x6CD5;&#x6492;&#x65E6;&#x8D39;', 1303077545, 1, 17),
(16, 0, '174.93.212.167', 1, '174.93.212.167', '&#x54C8;&#x54C8;', 1303077585, 1, 17),
(17, 1, '174.93.212.167', 0, '174.93.212.167', '&#x54DF;&#x54DF;&#xFF01;&#xFF01;&#xFF01;', 1303077810, 1, 17),
(18, 0, '174.93.212.167', 1, '174.93.212.167', '&#x54C8;&#x554A; &#xFF01;&#xFF01;', 1303084059, 1, 16),
(19, 0, '174.91.222.57', 1, '174.93.212.167', 'sfsd', 1303086216, 0, 8),
(20, 0, '174.91.222.57', 1, '174.93.212.167', 'asdfsad', 1303086219, 0, 8),
(21, 0, '174.93.212.167', 1, '174.93.212.167', 'sdfsd ', 1303086318, 1, 12),
(22, 1, '174.93.212.167', 0, '174.93.212.167', 'sdfs', 1303086452, 1, 9),
(23, 1, '174.93.212.167', 0, '174.93.212.167', 'sadfas fsad f', 1303086547, 1, 3),
(24, 0, '174.93.212.167', 1, '174.93.212.167', 'sdfsaf', 1303086564, 1, 3),
(25, 1, '174.93.212.167', 0, '174.93.212.167', 'asdfsfsd', 1303093707, 1, 12),
(26, 0, '174.93.212.167', 1, '174.93.212.167', 'sdfsad', 1303094004, 1, 12),
(27, 1, '174.93.212.167', 0, '174.93.212.167', 'a', 1303094057, 1, 12),
(28, 1, '174.93.212.167', 0, '174.93.212.167', 'sdfsdf', 1303095436, 1, 11),
(29, 1, '174.93.212.167', 0, '174.93.212.167', 'sdfasfasdfa sa sd', 1303095445, 1, 11),
(30, 1, '174.93.212.167', 0, '174.93.212.167', 'asfsafds&#x53D1;&#x751F;&#x5927;&#x5E45;&#x8D39; &#x6492;&#x7684; ', 1303095453, 1, 11),
(31, 1, '174.93.212.167', 0, '174.93.212.167', '', 1303177536, 0, 20),
(32, 1, '174.93.212.167', 0, '174.93.212.167', '&#x6492;&#x7684;&#x98DE;&#x6D12;&#x5730;&#x65B9;', 1303183829, 1, 12),
(33, 0, '174.93.212.167', 1, '174.93.212.167', '&#x58EB;&#x5927;&#x592B;&#x5730;&#x65B9;', 1303183848, 1, 12),
(34, 1, '174.93.212.167', 0, '174.93.212.167', '&#x6492;&#x7684;&#x98DE;&#x6D12;', 1303185330, 1, 11),
(35, 1, '174.93.212.167', 2, '86.30.149.47', '&#x54C8;&#x54C8;&#x54C8;&#x54C8;&#x54C8;&#x54C8;&#x54C8;&#x54C8;&#x54C8;&#x54C8;', 1303474545, 1, 24),
(36, 2, '86.30.149.47', 1, '174.93.212.167', '&#x662F;&#x554A;&#x554A;&#x55F7;&#x55F7;&#x55F7;', 1303474578, 0, 24),
(37, 1, '132.216.48.142', 0, '132.216.48.152', 'amazing stuff', 1303519417, 1, 25),
(38, 1, '132.216.48.142', 0, '', 'amazing stuff', 1303519518, 1, 25);
